{
  "timestamp": "2026-01-27T22:12:07.611910",
  "overall_metrics": {
    "true_positives": 27,
    "false_positives": 19,
    "false_negatives": 13,
    "precision": 0.5869565217391305,
    "recall": 0.675,
    "f1_score": 0.627906976744186
  },
  "category_metrics": {
    "security": {
      "true_positives": 8,
      "false_positives": 1,
      "false_negatives": 2,
      "precision": 0.8888888888888888,
      "recall": 0.8,
      "f1_score": 0.8421052631578948
    },
    "correctness": {
      "true_positives": 5,
      "false_positives": 5,
      "false_negatives": 7,
      "precision": 0.5,
      "recall": 0.4166666666666667,
      "f1_score": 0.45454545454545453
    },
    "complexity": {
      "true_positives": 4,
      "false_positives": 2,
      "false_negatives": 1,
      "precision": 0.6666666666666666,
      "recall": 0.8,
      "f1_score": 0.7272727272727272
    },
    "readability": {
      "true_positives": 10,
      "false_positives": 11,
      "false_negatives": 3,
      "precision": 0.47619047619047616,
      "recall": 0.7692307692307693,
      "f1_score": 0.588235294117647
    }
  },
  "severity_metrics": {
    "high": {
      "true_positives": 10,
      "false_positives": 7,
      "false_negatives": 2,
      "precision": 0.5882352941176471,
      "recall": 0.8333333333333334,
      "f1_score": 0.6896551724137931
    },
    "medium": {
      "true_positives": 6,
      "false_positives": 6,
      "false_negatives": 6,
      "precision": 0.5,
      "recall": 0.5,
      "f1_score": 0.5
    },
    "low": {
      "true_positives": 11,
      "false_positives": 6,
      "false_negatives": 5,
      "precision": 0.6470588235294118,
      "recall": 0.6875,
      "f1_score": 0.6666666666666667
    }
  },
  "detected_count": 46,
  "ground_truth_count": 40
}